"吴彦祖","23","2"
"朱亚文","23","1"
"车厘子","23","1"
"火龙果","23","2"
"红毛丹","24","1"
"哟吼嘿","23","2"
"菠萝","23","1"
"樱桃","23","2"
"大黄桃子","23","1"
"徐高翔","","1"
"王旷达","","1"
"个个武功","","1"
"结合的活跃人天","","1"
"露露","","2"
"小里","",""
"宁采臣","","1"
"露露","","2"
"李茜茜","","1"
"郑凡","","2"
"xugaox","","1"
"吴彦祖","","1"
"57u金融峰会","","1"
"李熙熙","","1"
"潘斌","","1"
"更合适如果","","1"
"143124","wqfqwfqw","1"
"徐高翔","","1"
"fhwefwef","","1"
"告诉我夫人","","1"
"郑凡","","1"
"孙艺珍","","2"
"马海荣","","1"
"阿萨","","1"
"李茜茜","","1"
"郑凡","","1"
"小郑","","1"
"s","",""
"潘斌","","1"
"电饭锅","","1"
"待办事项B","","1"
"还是改天让","","1"
"员工C","",""
"eyiuiu","","1"
"郑凡","","1"
"李宁宁","","1"
"adada","","1"
"啊啊啊啊","","2"
"zxcvbnmlkjhgfdsaqwertyuiop","",""
"ujsd","",""
"电话电话","","2"
"马海蓉","","1"
"uou","","1"
"阿三","111","1"
"杭志平","","1"
"宋士柱","","1"
"徐高翔","ada","1"
"xuaaa","","1"
"李宁宁","","1"
"测试001","sansan","1"
"aaaaaaaaaaaaa","","1"
"李熙熙","",""
"徐高翔","","1"
"IOP","","2"
"哈哈345","","2"
"章小丸子","","2"
"姓名","name","2"
"test","","1"
"名字啊","",""
"琪琪群","","2"
"郑凡","","2"
"杨佳军","","1"
"徐高息","","1"
"ui","","1"
"盒发文","","1"
"sad","","1"
"张迪","","2"
"潘斌","","1"
"李晓扎","","1"
"宋安伟","","1"
"jfh","","2"
"王旷达","","1"
"未来","",""
"的","","1"
"姓名","",""
"发发发","","1"
"qwe","","1"
"发货","","1"
"梵蒂冈","",""
"王小步","","1"
"肖圆圆","sada","2"
"问人体问题","","1"
"dsadsafafas","","1"
"测试003","","1"
"廉德辉","liandh","1"
"单方事故","","1"
"徐高翔","","1"
"力保健","","1"
"霍长生","","1"
"徐先生","","1"
"潘斌","","2"
"王王","","1"
"6若覅","",""
"李世民","","1"
"徐高翔","ada","1"
"的是","","1"
"陈丽","","2"
"fxrjhfxrh","","1"
"吴凌俊","","1"
"测试","","1"
"张艳","Kelly Chang","2"
"姓名","",""
"朱辉辉","","1"
"徐高翔","ada","1"
"徐高翔","ada","1"
"杨佳军","dsgkdsjg","1"
"徐高翔","ada","1"
"朱辉辉","",""
"测试002","jake","2"
"阿斯顿","","1"
"蔡燕君","","2"
"张思","","1"
"杨佳军","","1"
"小名","",""
"阿迪达斯小王子","","2"
"徐高翔","ada","1"
"问问","","1"
"多高","",""
"qwdqwfq","","1"
"牛角尖","","1"
"水电费","",""
"积分兑换退货发回给","","1"
"导入离职","","2"
"张大米","","2"
"参保","","1"
"热","",""
"员工g","","1"
"姓名","","1"
"员工f","","1"
"还是大概多少","","2"
"s","","2"
"是的","","1"
"围绕服务","",""
"ggg","",""
"孙振","","1"
"故意空间yuki","","1"
"缓一缓","","1"
"徐高翔","","1"
"阿哥","","1"
"盒发文","","1"
"马海蓉图","","2"
"无误在","","2"
"娥娥","","2"
"徐高翔","","1"
"34324234","","1"
"王磊","","1"
"杨佳军","","1"
"李茜茜","","1"
"郑凡","多舒服","1"
"未来a","","1"
"大幅度","","1"
"kdtjutyju","","1"
"利达","","2"
"徐高翔","ada","1"
"12312","","1"
"没，富家女","","0"
"小媛媛","","2"
"小轻","","2"
"123","",""
"徐高翔","","1"
"韩德","handddaaa","1"
"小王","","1"
"孙振","","1"
"dfg ","","1"
"徐晨露","","2"
